source,target,base_time,low_traffic_factor,medium_traffic_factor,high_traffic_factor,example_hour,traffic_level,predicted_time
Chennai,Kanchipuram,45,1.0,1.2,1.5,8,high,67.5
Chennai,Tiruvallur,30,1.0,1.2,1.5,17,high,45.0
Chennai,Chengalpattu,50,1.0,1.2,1.5,14,medium,60.0
Chennai,Vellore,120,1.0,1.2,1.5,18,high,180.0
Chennai,Tiruvannamalai,180,1.0,1.2,1.5,7,low,180.0
Coimbatore,Tiruppur,40,1.0,1.2,1.5,8,high,60.0
Coimbatore,Erode,50,1.0,1.2,1.5,17,high,75.0
Coimbatore,Nilgiris,80,1.0,1.2,1.5,14,medium,96.0
Coimbatore,Salem,120,1.0,1.2,1.5,18,high,180.0
Coimbatore,Krishnagiri,150,1.0,1.2,1.5,7,low,150.0
Madurai,Theni,70,1.0,1.2,1.5,8,high,105.0
Madurai,Dindigul,60,1.0,1.2,1.5,17,high,90.0
Madurai,Sivaganga,80,1.0,1.2,1.5,14,medium,96.0
Madurai,Ramanathapuram,100,1.0,1.2,1.5,18,high,150.0
Madurai,Virudhunagar,90,1.0,1.2,1.5,7,low,90.0
Tiruchirappalli,Thanjavur,60,1.0,1.2,1.5,8,high,90.0
Tiruchirappalli,Pudukkottai,70,1.0,1.2,1.5,17,high,105.0
Tiruchirappalli,Karur,50,1.0,1.2,1.5,14,medium,60.0
Tiruchirappalli,Perambalur,40,1.0,1.2,1.5,18,high,60.0
Tiruchirappalli,Ariyalur,45,1.0,1.2,1.5,7,low,45.0
Salem,Namakkal,50,1.0,1.2,1.5,8,high,75.0
Salem,Dharmapuri,60,1.0,1.2,1.5,17,high,90.0
Salem,Krishnagiri,70,1.0,1.2,1.5,14,medium,84.0
Salem,Tirupattur,80,1.0,1.2,1.5,18,high,120.0
Salem,Erode,40,1.0,1.2,1.5,7,low,40.0
Tirunelveli,Tenkasi,50,1.0,1.2,1.5,8,high,75.0
Tirunelveli,Thoothukkudi,60,1.0,1.2,1.5,17,high,90.0
Tirunelveli,Kanyakumari,70,1.0,1.2,1.5,14,medium,84.0
Tirunelveli,Virudhunagar,80,1.0,1.2,1.5,18,high,120.0
Tirunelveli,Madurai,120,1.0,1.2,1.5,7,low,120.0
Tiruppur,Coimbatore,40,1.0,1.2,1.5,8,high,60.0
Tiruppur,Erode,30,1.0,1.2,1.5,17,high,45.0
Tiruppur,Salem,70,1.0,1.2,1.5,14,medium,84.0
Tiruppur,Namakkal,50,1.0,1.2,1.5,18,high,75.0
Tiruppur,Krishnagiri,90,1.0,1.2,1.5,7,low,90.0
Vellore,Kanchipuram,60,1.0,1.2,1.5,8,high,90.0
Vellore,Tiruvannamalai,70,1.0,1.2,1.5,17,high,105.0
Vellore,Ranipet,30,1.0,1.2,1.5,14,medium,36.0
Vellore,Krishnagiri,80,1.0,1.2,1.5,18,high,120.0
Vellore,Dharmapuri,90,1.0,1.2,1.5,7,low,90.0
Erode,Salem,40,1.0,1.2,1.5,8,high,60.0
Erode,Namakkal,30,1.0,1.2,1.5,17,high,45.0
Erode,Karur,50,1.0,1.2,1.5,14,medium,60.0
Erode,Tiruchirappalli,80,1.0,1.2,1.5,18,high,120.0
Erode,Coimbatore,50,1.0,1.2,1.5,7,low,50.0
Thanjavur,Tiruvarur,40,1.0,1.2,1.5,8,high,60.0
Thanjavur,Nagapattinam,50,1.0,1.2,1.5,17,high,75.0
Thanjavur,Pudukkottai,60,1.0,1.2,1.5,14,medium,72.0
Thanjavur,Ariyalur,70,1.0,1.2,1.5,18,high,105.0
Thanjavur,Perambalur,30,1.0,1.2,1.5,7,low,30.0
Kanyakumari,Tirunelveli,70,1.0,1.2,1.5,8,high,105.0
Kanyakumari,Thoothukkudi,80,1.0,1.2,1.5,17,high,120.0
Kanyakumari,Tenkasi,60,1.0,1.2,1.5,14,medium,72.0
Kanyakumari,Madurai,150,1.0,1.2,1.5,18,high,225.0
Kanyakumari,Virudhunagar,120,1.0,1.2,1.5,7,low,120.0
Dindigul,Madurai,60,1.0,1.2,1.5,8,high,90.0
Dindigul,Theni,50,1.0,1.2,1.5,17,high,75.0
Dindigul,Karur,70,1.0,1.2,1.5,14,medium,84.0
Dindigul,Tiruchirappalli,80,1.0,1.2,1.5,18,high,120.0
Dindigul,Sivaganga,60,1.0,1.2,1.5,7,low,60.0
Cuddalore,Villupuram,40,1.0,1.2,1.5,8,high,60.0
Cuddalore,Kallakurichi,50,1.0,1.2,1.5,17,high,75.0
Cuddalore,Tiruvannamalai,80,1.0,1.2,1.5,14,medium,96.0
Cuddalore,Chengalpattu,90,1.0,1.2,1.5,18,high,135.0
Cuddalore,Salem,120,1.0,1.2,1.5,7,low,120.0
Villupuram,Cuddalore,40,1.0,1.2,1.5,8,high,60.0
Villupuram,Kallakurichi,30,1.0,1.2,1.5,17,high,45.0
Villupuram,Tiruvannamalai,60,1.0,1.2,1.5,14,medium,72.0
Villupuram,Chengalpattu,70,1.0,1.2,1.5,18,high,105.0
Villupuram,Vellore,100,1.0,1.2,1.5,7,low,100.0
Krishnagiri,Dharmapuri,50,1.0,1.2,1.5,8,high,75.0
Krishnagiri,Salem,70,1.0,1.2,1.5,17,high,105.0
Krishnagiri,Vellore,80,1.0,1.2,1.5,14,medium,96.0
Krishnagiri,Tirupattur,40,1.0,1.2,1.5,18,high,60.0
Krishnagiri,Coimbatore,150,1.0,1.2,1.5,7,low,150.0
Nagapattinam,Thanjavur,50,1.0,1.2,1.5,8,high,75.0
Nagapattinam,Tiruvarur,30,1.0,1.2,1.5,17,high,45.0
Nagapattinam,Mayiladuthurai,20,1.0,1.2,1.5,14,medium,24.0
Nagapattinam,Karikal,40,1.0,1.2,1.5,18,high,60.0
Nagapattinam,Tiruchirappalli,90,1.0,1.2,1.5,7,low,90.0
Dharmapuri,Krishnagiri,50,1.0,1.2,1.5,8,high,75.0
Dharmapuri,Salem,60,1.0,1.2,1.5,17,high,90.0
Dharmapuri,Tirupattur,30,1.0,1.2,1.5,14,medium,36.0
Dharmapuri,Vellore,90,1.0,1.2,1.5,18,high,135.0
Dharmapuri,Nilgiris,100,1.0,1.2,1.5,7,low,100.0
Ramanathapuram,Sivaganga,50,1.0,1.2,1.5,8,high,75.0
Ramanathapuram,Virudhunagar,60,1.0,1.2,1.5,17,high,90.0
Ramanathapuram,Madurai,100,1.0,1.2,1.5,14,medium,120.0
Ramanathapuram,Thoothukkudi,70,1.0,1.2,1.5,18,high,105.0
Ramanathapuram,Tirunelveli,120,1.0,1.2,1.5,7,low,120.0
Sivaganga,Madurai,80,1.0,1.2,1.5,8,high,120.0
Sivaganga,Ramanathapuram,50,1.0,1.2,1.5,17,high,75.0
Sivaganga,Pudukkottai,60,1.0,1.2,1.5,14,medium,72.0
Sivaganga,Thanjavur,90,1.0,1.2,1.5,18,high,135.0
Sivaganga,Dindigul,70,1.0,1.2,1.5,7,low,70.0
Tiruvannamalai,Vellore,70,1.0,1.2,1.5,8,high,105.0
Tiruvannamalai,Villupuram,60,1.0,1.2,1.5,17,high,90.0
Tiruvannamalai,Kallakurichi,50,1.0,1.2,1.5,14,medium,60.0
Tiruvannamalai,Chengalpattu,80,1.0,1.2,1.5,18,high,120.0
Tiruvannamalai,Krishnagiri,90,1.0,1.2,1.5,7,low,90.0
Theni,Madurai,70,1.0,1.2,1.5,8,high,105.0
Theni,Dindigul,50,1.0,1.2,1.5,17,high,75.0
Theni,Virudhunagar,60,1.0,1.2,1.5,14,medium,72.0
Theni,Idukki,80,1.0,1.2,1.5,18,high,120.0
Theni,Coimbatore,120,1.0,1.2,1.5,7,low,120.0
Pudukkottai,Thanjavur,60,1.0,1.2,1.5,8,high,90.0
Pudukkottai,Sivaganga,60,1.0,1.2,1.5,17,high,90.0
Pudukkottai,Tiruchirappalli,70,1.0,1.2,1.5,14,medium,84.0
Pudukkottai,Karur,50,1.0,1.2,1.5,18,high,75.0
Pudukkottai,Ariyalur,40,1.0,1.2,1.5,7,low,40.0
Karur,Tiruchirappalli,50,1.0,1.2,1.5,8,high,75.0
Karur,Erode,50,1.0,1.2,1.5,17,high,75.0
Karur,Namakkal,30,1.0,1.2,1.5,14,medium,36.0
Karur,Salem,60,1.0,1.2,1.5,18,high,90.0
Karur,Dindigul,70,1.0,1.2,1.5,7,low,70.0
Perambalur,Tiruchirappalli,40,1.0,1.2,1.5,8,high,60.0
Perambalur,Ariyalur,20,1.0,1.2,1.5,17,high,30.0
Perambalur,Thanjavur,50,1.0,1.2,1.5,14,medium,60.0
Perambalur,Cuddalore,80,1.0,1.2,1.5,18,high,120.0
Perambalur,Villupuram,70,1.0,1.2,1.5,7,low,70.0
Ariyalur,Tiruchirappalli,45,1.0,1.2,1.5,8,high,67.5
Ariyalur,Perambalur,20,1.0,1.2,1.5,17,high,30.0
Ariyalur,Thanjavur,60,1.0,1.2,1.5,14,medium,72.0
Ariyalur,Cuddalore,90,1.0,1.2,1.5,18,high,135.0
Ariyalur,Villupuram,80,1.0,1.2,1.5,7,low,80.0
Tiruvarur,Thanjavur,40,1.0,1.2,1.5,8,high,60.0
Tiruvarur,Nagapattinam,30,1.0,1.2,1.5,17,high,45.0
Tiruvarur,Mayiladuthurai,25,1.0,1.2,1.5,14,medium,30.0
Tiruvarur,Karikal,35,1.0,1.2,1.5,18,high,52.5
Tiruvarur,Tiruchirappalli,80,1.0,1.2,1.5,7,low,80.0
Thoothukkudi,Tirunelveli,60,1.0,1.2,1.5,8,high,90.0
Thoothukkudi,Kanyakumari,80,1.0,1.2,1.5,17,high,120.0
Thoothukkudi,Ramanathapuram,70,1.0,1.2,1.5,14,medium,84.0
Thoothukkudi,Virudhunagar,50,1.0,1.2,1.5,18,high,75.0
Thoothukkudi,Madurai,110,1.0,1.2,1.5,7,low,110.0
Virudhunagar,Madurai,90,1.0,1.2,1.5,8,high,135.0
Virudhunagar,Theni,60,1.0,1.2,1.5,17,high,90.0
Virudhunagar,Sivaganga,70,1.0,1.2,1.5,14,medium,84.0
Virudhunagar,Ramanathapuram,60,1.0,1.2,1.5,18,high,90.0
Virudhunagar,Tirunelveli,80,1.0,1.2,1.5,7,low,80.0
Kanchipuram,Chennai,45,1.0,1.2,1.5,8,high,67.5
Kanchipuram,Vellore,60,1.0,1.2,1.5,17,high,90.0
Kanchipuram,Tiruvallur,30,1.0,1.2,1.5,14,medium,36.0
Kanchipuram,Chengalpattu,40,1.0,1.2,1.5,18,high,60.0
Kanchipuram,Ranipet,50,1.0,1.2,1.5,7,low,50.0
Tiruvallur,Chennai,30,1.0,1.2,1.5,8,high,45.0
Tiruvallur,Kanchipuram,30,1.0,1.2,1.5,17,high,45.0
Tiruvallur,Chengalpattu,50,1.0,1.2,1.5,14,medium,60.0
Tiruvallur,Vellore,90,1.0,1.2,1.5,18,high,135.0
Tiruvallur,Ranipet,60,1.0,1.2,1.5,7,low,60.0
Chengalpattu,Chennai,50,1.0,1.2,1.5,8,high,75.0
Chengalpattu,Kanchipuram,40,1.0,1.2,1.5,17,high,60.0
Chengalpattu,Tiruvallur,50,1.0,1.2,1.5,14,medium,60.0
Chengalpattu,Villupuram,70,1.0,1.2,1.5,18,high,105.0
Chengalpattu,Tiruvannamalai,80,1.0,1.2,1.5,7,low,80.0
Kallakurichi,Villupuram,30,1.0,1.2,1.5,8,high,45.0
Kallakurichi,Cuddalore,50,1.0,1.2,1.5,17,high,75.0
Kallakurichi,Tiruvannamalai,50,1.0,1.2,1.5,14,medium,60.0
Kallakurichi,Salem,100,1.0,1.2,1.5,18,high,150.0
Kallakurichi,Dharmapuri,120,1.0,1.2,1.5,7,low,120.0
Ranipet,Vellore,30,1.0,1.2,1.5,8,high,45.0
Ranipet,Kanchipuram,50,1.0,1.2,1.5,17,high,75.0
Ranipet,Tiruvallur,60,1.0,1.2,1.5,14,medium,72.0
Ranipet,Krishnagiri,70,1.0,1.2,1.5,18,high,105.0
Ranipet,Dharmapuri,80,1.0,1.2,1.5,7,low,80.0
Tenkasi,Tirunelveli,50,1.0,1.2,1.5,8,high,75.0
Tenkasi,Kanyakumari,60,1.0,1.2,1.5,17,high,90.0
Tenkasi,Thoothukkudi,70,1.0,1.2,1.5,14,medium,84.0
Tenkasi,Virudhunagar,80,1.0,1.2,1.5,18,high,120.0
Tenkasi,Madurai,100,1.0,1.2,1.5,7,low,100.0
Nilgiris,Coimbatore,80,1.0,1.2,1.5,8,high,120.0
Nilgiris,Erode,90,1.0,1.2,1.5,17,high,135.0
Nilgiris,Dharmapuri,100,1.0,1.2,1.5,14,medium,120.0
Nilgiris,Krishnagiri,110,1.0,1.2,1.5,18,high,165.0
Nilgiris,Salem,120,1.0,1.2,1.5,7,low,120.0
Namakkal,Salem,50,1.0,1.2,1.5,8,high,75.0
Namakkal,Erode,30,1.0,1.2,1.5,17,high,45.0
Namakkal,Karur,30,1.0,1.2,1.5,14,medium,36.0
Namakkal,Tiruchirappalli,70,1.0,1.2,1.5,18,high,105.0
Namakkal,Tiruppur,50,1.0,1.2,1.5,7,low,50.0
Tirupattur,Krishnagiri,40,1.0,1.2,1.5,8,high,60.0
Tirupattur,Dharmapuri,30,1.0,1.2,1.5,17,high,45.0
Tirupattur,Vellore,80,1.0,1.2,1.5,14,medium,96.0
Tirupattur,Ranipet,70,1.0,1.2,1.5,18,high,105.0
Tirupattur,Salem,80,1.0,1.2,1.5,7,low,80.0
Mayiladuthurai,Tiruvarur,25,1.0,1.2,1.5,8,high,37.5
Mayiladuthurai,Nagapattinam,20,1.0,1.2,1.5,17,high,30.0
Mayiladuthurai,Karikal,15,1.0,1.2,1.5,14,medium,18.0
Mayiladuthurai,Thanjavur,50,1.0,1.2,1.5,18,high,75.0
Mayiladuthurai,Tiruchirappalli,90,1.0,1.2,1.5,7,low,90.0